  1 2018-02-16 10:24:38.855642 10.130.127.1 -> 10.130.127.2 ICMP Echo (ping) request  id=0x6d71, seq=1/256, ttl=64 90:e2:ba:35:47:14 -> 00:00:00:00:01:00
  2 2018-02-16 10:24:38.855683 10.130.127.1 -> 10.130.127.2 ICMP Echo (ping) request  id=0x6d71, seq=2/512, ttl=64 90:e2:ba:35:47:14 -> 00:00:00:00:01:00
  3 2018-02-16 10:24:38.855713 10.130.127.1 -> 10.130.127.2 ICMP Echo (ping) request  id=0x6d71, seq=51/13056, ttl=64 90:e2:ba:35:47:14 -> 00:00:00:00:01:00
  4 2018-02-16 10:24:38.855718 10.130.127.1 -> 10.130.127.2 ICMP Echo (ping) request  id=0x6d71, seq=3/768, ttl=64 90:e2:ba:35:47:14 -> 00:00:00:00:01:00
  5 2018-02-16 10:24:38.855748 10.130.127.1 -> 10.130.127.2 ICMP Echo (ping) request  id=0x6d71, seq=4/1024, ttl=64 90:e2:ba:35:47:14 -> 00:00:00:00:01:00
  6 2018-02-16 10:24:38.855754 10.130.127.1 -> 10.130.127.2 ICMP Echo (ping) request  id=0x6d71, seq=5/1280, ttl=64 90:e2:ba:35:47:14 -> 00:00:00:00:01:00
  7 2018-02-16 10:24:38.855756 10.130.127.1 -> 10.130.127.2 ICMP Echo (ping) request  id=0x6d71, seq=6/1536, ttl=64 90:e2:ba:35:47:14 -> 00:00:00:00:01:00
  8 2018-02-16 10:24:38.855758 10.130.127.1 -> 10.130.127.2 ICMP Echo (ping) request  id=0x6d71, seq=7/1792, ttl=64 90:e2:ba:35:47:14 -> 00:00:00:00:01:00
  9 2018-02-16 10:24:38.855760 10.130.127.1 -> 10.130.127.2 ICMP Echo (ping) request  id=0x6d71, seq=52/13312, ttl=64 90:e2:ba:35:47:14 -> 00:00:00:00:01:00
 10 2018-02-16 10:24:38.855763 10.130.127.1 -> 10.130.127.2 ICMP Echo (ping) request  id=0x6d71, seq=53/13568, ttl=64 90:e2:ba:35:47:14 -> 00:00:00:00:01:00
 11 2018-02-16 10:24:38.855765 10.130.127.1 -> 10.130.127.2 ICMP Echo (ping) request  id=0x6d71, seq=54/13824, ttl=64 90:e2:ba:35:47:14 -> 00:00:00:00:01:00
 12 2018-02-16 10:24:38.855767 10.130.127.1 -> 10.130.127.2 ICMP Echo (ping) request  id=0x6d71, seq=55/14080, ttl=64 90:e2:ba:35:47:14 -> 00:00:00:00:01:00
 13 2018-02-16 10:24:38.855769 10.130.127.1 -> 10.130.127.2 ICMP Echo (ping) request  id=0x6d71, seq=56/14336, ttl=64 90:e2:ba:35:47:14 -> 00:00:00:00:01:00
 14 2018-02-16 10:24:38.855772 10.130.127.1 -> 10.130.127.2 ICMP Echo (ping) request  id=0x6d71, seq=57/14592, ttl=64 90:e2:ba:35:47:14 -> 00:00:00:00:01:00
 15 2018-02-16 10:24:38.855774 10.130.127.1 -> 10.130.127.2 ICMP Echo (ping) request  id=0x6d71, seq=58/14848, ttl=64 90:e2:ba:35:47:14 -> 00:00:00:00:01:00
 16 2018-02-16 10:24:38.855776 10.130.127.1 -> 10.130.127.2 ICMP Echo (ping) request  id=0x6d71, seq=59/15104, ttl=64 90:e2:ba:35:47:14 -> 00:00:00:00:01:00
 17 2018-02-16 10:24:38.855777 10.130.127.1 -> 10.130.127.2 ICMP Echo (ping) request  id=0x6d71, seq=60/15360, ttl=64 90:e2:ba:35:47:14 -> 00:00:00:00:01:00
 18 2018-02-16 10:24:38.855779 10.130.127.1 -> 10.130.127.2 ICMP Echo (ping) request  id=0x6d71, seq=61/15616, ttl=64 90:e2:ba:35:47:14 -> 00:00:00:00:01:00
 19 2018-02-16 10:24:38.855782 10.130.127.1 -> 10.130.127.2 ICMP Echo (ping) request  id=0x6d71, seq=62/15872, ttl=64 90:e2:ba:35:47:14 -> 00:00:00:00:01:00
 20 2018-02-16 10:24:38.855785 10.130.127.1 -> 10.130.127.2 ICMP Echo (ping) request  id=0x6d71, seq=63/16128, ttl=64 90:e2:ba:35:47:14 -> 00:00:00:00:01:00
 21 2018-02-16 10:24:38.855787 10.130.127.1 -> 10.130.127.2 ICMP Echo (ping) request  id=0x6d71, seq=64/16384, ttl=64 90:e2:ba:35:47:14 -> 00:00:00:00:01:00
 22 2018-02-16 10:24:38.855790 10.130.127.1 -> 10.130.127.2 ICMP Echo (ping) request  id=0x6d71, seq=65/16640, ttl=64 90:e2:ba:35:47:14 -> 00:00:00:00:01:00
 23 2018-02-16 10:24:38.855793 10.130.127.1 -> 10.130.127.2 ICMP Echo (ping) request  id=0x6d71, seq=66/16896, ttl=64 90:e2:ba:35:47:14 -> 00:00:00:00:01:00
 24 2018-02-16 10:24:38.855795 10.130.127.1 -> 10.130.127.2 ICMP Echo (ping) request  id=0x6d71, seq=67/17152, ttl=64 90:e2:ba:35:47:14 -> 00:00:00:00:01:00
 25 2018-02-16 10:24:38.855810 10.130.127.1 -> 10.130.127.2 ICMP Echo (ping) request  id=0x6d71, seq=8/2048, ttl=64 90:e2:ba:35:47:14 -> 00:00:00:00:01:00
 26 2018-02-16 10:24:38.855816 10.130.127.1 -> 10.130.127.2 ICMP Echo (ping) request  id=0x6d71, seq=9/2304, ttl=64 90:e2:ba:35:47:14 -> 00:00:00:00:01:00
 27 2018-02-16 10:24:38.855838 10.130.127.1 -> 10.130.127.2 ICMP Echo (ping) request  id=0x6d71, seq=10/2560, ttl=64 90:e2:ba:35:47:14 -> 00:00:00:00:01:00
 28 2018-02-16 10:24:38.855843 10.130.127.1 -> 10.130.127.2 ICMP Echo (ping) request  id=0x6d71, seq=68/17408, ttl=64 90:e2:ba:35:47:14 -> 00:00:00:00:01:00
 29 2018-02-16 10:24:38.855853 10.130.127.1 -> 10.130.127.2 ICMP Echo (ping) request  id=0x6d71, seq=69/17664, ttl=64 90:e2:ba:35:47:14 -> 00:00:00:00:01:00
 30 2018-02-16 10:24:38.855856 10.130.127.1 -> 10.130.127.2 ICMP Echo (ping) request  id=0x6d71, seq=11/2816, ttl=64 90:e2:ba:35:47:14 -> 00:00:00:00:01:00
 31 2018-02-16 10:24:38.855866 10.130.127.1 -> 10.130.127.2 ICMP Echo (ping) request  id=0x6d71, seq=12/3072, ttl=64 90:e2:ba:35:47:14 -> 00:00:00:00:01:00
 32 2018-02-16 10:24:38.855869 10.130.127.1 -> 10.130.127.2 ICMP Echo (ping) request  id=0x6d71, seq=70/17920, ttl=64 90:e2:ba:35:47:14 -> 00:00:00:00:01:00
 33 2018-02-16 10:24:38.855873 10.130.127.1 -> 10.130.127.2 ICMP Echo (ping) request  id=0x6d71, seq=71/18176, ttl=64 90:e2:ba:35:47:14 -> 00:00:00:00:01:00
 34 2018-02-16 10:24:38.855877 10.130.127.1 -> 10.130.127.2 ICMP Echo (ping) request  id=0x6d71, seq=72/18432, ttl=64 90:e2:ba:35:47:14 -> 00:00:00:00:01:00
 35 2018-02-16 10:24:38.855882 10.130.127.1 -> 10.130.127.2 ICMP Echo (ping) request  id=0x6d71, seq=13/3328, ttl=64 90:e2:ba:35:47:14 -> 00:00:00:00:01:00
 36 2018-02-16 10:24:38.855893 10.130.127.1 -> 10.130.127.2 ICMP Echo (ping) request  id=0x6d71, seq=14/3584, ttl=64 90:e2:ba:35:47:14 -> 00:00:00:00:01:00
 37 2018-02-16 10:24:38.855908 10.130.127.1 -> 10.130.127.2 ICMP Echo (ping) request  id=0x6d71, seq=15/3840, ttl=64 90:e2:ba:35:47:14 -> 00:00:00:00:01:00
 38 2018-02-16 10:24:38.855914 10.130.127.1 -> 10.130.127.2 ICMP Echo (ping) request  id=0x6d71, seq=73/18688, ttl=64 90:e2:ba:35:47:14 -> 00:00:00:00:01:00
 39 2018-02-16 10:24:38.855917 10.130.127.1 -> 10.130.127.2 ICMP Echo (ping) request  id=0x6d71, seq=16/4096, ttl=64 90:e2:ba:35:47:14 -> 00:00:00:00:01:00
 40 2018-02-16 10:24:38.855920 10.130.127.1 -> 10.130.127.2 ICMP Echo (ping) request  id=0x6d71, seq=17/4352, ttl=64 90:e2:ba:35:47:14 -> 00:00:00:00:01:00
 41 2018-02-16 10:24:38.855925 10.130.127.1 -> 10.130.127.2 ICMP Echo (ping) request  id=0x6d71, seq=74/18944, ttl=64 90:e2:ba:35:47:14 -> 00:00:00:00:01:00
 42 2018-02-16 10:24:38.855935 10.130.127.1 -> 10.130.127.2 ICMP Echo (ping) request  id=0x6d71, seq=75/19200, ttl=64 90:e2:ba:35:47:14 -> 00:00:00:00:01:00
 43 2018-02-16 10:24:38.855938 10.130.127.1 -> 10.130.127.2 ICMP Echo (ping) request  id=0x6d71, seq=76/19456, ttl=64 90:e2:ba:35:47:14 -> 00:00:00:00:01:00
 44 2018-02-16 10:24:38.855942 10.130.127.1 -> 10.130.127.2 ICMP Echo (ping) request  id=0x6d71, seq=18/4608, ttl=64 90:e2:ba:35:47:14 -> 00:00:00:00:01:00
 45 2018-02-16 10:24:38.855945 10.130.127.1 -> 10.130.127.2 ICMP Echo (ping) request  id=0x6d71, seq=77/19712, ttl=64 90:e2:ba:35:47:14 -> 00:00:00:00:01:00
 46 2018-02-16 10:24:38.855948 10.130.127.1 -> 10.130.127.2 ICMP Echo (ping) request  id=0x6d71, seq=78/19968, ttl=64 90:e2:ba:35:47:14 -> 00:00:00:00:01:00
 47 2018-02-16 10:24:38.855955 10.130.127.1 -> 10.130.127.2 ICMP Echo (ping) request  id=0x6d71, seq=19/4864, ttl=64 90:e2:ba:35:47:14 -> 00:00:00:00:01:00
 48 2018-02-16 10:24:38.855986 10.130.127.1 -> 10.130.127.2 ICMP Echo (ping) request  id=0x6d71, seq=79/20224, ttl=64 90:e2:ba:35:47:14 -> 00:00:00:00:01:00
 49 2018-02-16 10:24:38.856042 10.130.127.1 -> 10.130.127.2 ICMP Echo (ping) request  id=0x6d71, seq=20/5120, ttl=64 90:e2:ba:35:47:14 -> 00:00:00:00:01:00
 50 2018-02-16 10:24:38.856063 10.130.127.1 -> 10.130.127.2 ICMP Echo (ping) request  id=0x6d71, seq=80/20480, ttl=64 90:e2:ba:35:47:14 -> 00:00:00:00:01:00
 51 2018-02-16 10:24:38.856444 10.130.127.1 -> 10.130.127.2 ICMP Echo (ping) request  id=0x6d71, seq=21/5376, ttl=64 90:e2:ba:35:47:14 -> 00:00:00:00:01:00
 52 2018-02-16 10:24:38.856459 10.130.127.1 -> 10.130.127.2 ICMP Echo (ping) request  id=0x6d71, seq=22/5632, ttl=64 90:e2:ba:35:47:14 -> 00:00:00:00:01:00
 53 2018-02-16 10:24:38.856477 10.130.127.1 -> 10.130.127.2 ICMP Echo (ping) request  id=0x6d71, seq=23/5888, ttl=64 90:e2:ba:35:47:14 -> 00:00:00:00:01:00
 54 2018-02-16 10:24:38.856485 10.130.127.1 -> 10.130.127.2 ICMP Echo (ping) request  id=0x6d71, seq=24/6144, ttl=64 90:e2:ba:35:47:14 -> 00:00:00:00:01:00
 55 2018-02-16 10:24:38.856490 10.130.127.1 -> 10.130.127.2 ICMP Echo (ping) request  id=0x6d71, seq=25/6400, ttl=64 90:e2:ba:35:47:14 -> 00:00:00:00:01:00
 56 2018-02-16 10:24:38.856498 10.130.127.1 -> 10.130.127.2 ICMP Echo (ping) request  id=0x6d71, seq=26/6656, ttl=64 90:e2:ba:35:47:14 -> 00:00:00:00:01:00
 57 2018-02-16 10:24:38.856513 10.130.127.1 -> 10.130.127.2 ICMP Echo (ping) request  id=0x6d71, seq=81/20736, ttl=64 90:e2:ba:35:47:14 -> 00:00:00:00:01:00
 58 2018-02-16 10:24:38.856533 10.130.127.1 -> 10.130.127.2 ICMP Echo (ping) request  id=0x6d71, seq=27/6912, ttl=64 90:e2:ba:35:47:14 -> 00:00:00:00:01:00
 59 2018-02-16 10:24:38.856543 10.130.127.1 -> 10.130.127.2 ICMP Echo (ping) request  id=0x6d71, seq=82/20992, ttl=64 90:e2:ba:35:47:14 -> 00:00:00:00:01:00
 60 2018-02-16 10:24:38.856547 10.130.127.1 -> 10.130.127.2 ICMP Echo (ping) request  id=0x6d71, seq=28/7168, ttl=64 90:e2:ba:35:47:14 -> 00:00:00:00:01:00
 61 2018-02-16 10:24:38.856552 10.130.127.1 -> 10.130.127.2 ICMP Echo (ping) request  id=0x6d71, seq=29/7424, ttl=64 90:e2:ba:35:47:14 -> 00:00:00:00:01:00
 62 2018-02-16 10:24:38.856554 10.130.127.1 -> 10.130.127.2 ICMP Echo (ping) request  id=0x6d71, seq=30/7680, ttl=64 90:e2:ba:35:47:14 -> 00:00:00:00:01:00
 63 2018-02-16 10:24:38.856556 10.130.127.1 -> 10.130.127.2 ICMP Echo (ping) request  id=0x6d71, seq=83/21248, ttl=64 90:e2:ba:35:47:14 -> 00:00:00:00:01:00
 64 2018-02-16 10:24:38.856559 10.130.127.1 -> 10.130.127.2 ICMP Echo (ping) request  id=0x6d71, seq=84/21504, ttl=64 90:e2:ba:35:47:14 -> 00:00:00:00:01:00
 65 2018-02-16 10:24:38.856562 10.130.127.1 -> 10.130.127.2 ICMP Echo (ping) request  id=0x6d71, seq=85/21760, ttl=64 90:e2:ba:35:47:14 -> 00:00:00:00:01:00
 66 2018-02-16 10:24:38.856564 10.130.127.1 -> 10.130.127.2 ICMP Echo (ping) request  id=0x6d71, seq=86/22016, ttl=64 90:e2:ba:35:47:14 -> 00:00:00:00:01:00
 67 2018-02-16 10:24:38.856566 10.130.127.1 -> 10.130.127.2 ICMP Echo (ping) request  id=0x6d71, seq=87/22272, ttl=64 90:e2:ba:35:47:14 -> 00:00:00:00:01:00
 68 2018-02-16 10:24:38.856568 10.130.127.1 -> 10.130.127.2 ICMP Echo (ping) request  id=0x6d71, seq=88/22528, ttl=64 90:e2:ba:35:47:14 -> 00:00:00:00:01:00
 69 2018-02-16 10:24:38.856570 10.130.127.1 -> 10.130.127.2 ICMP Echo (ping) request  id=0x6d71, seq=89/22784, ttl=64 90:e2:ba:35:47:14 -> 00:00:00:00:01:00
 70 2018-02-16 10:24:38.856572 10.130.127.1 -> 10.130.127.2 ICMP Echo (ping) request  id=0x6d71, seq=90/23040, ttl=64 90:e2:ba:35:47:14 -> 00:00:00:00:01:00
 71 2018-02-16 10:24:38.856584 10.130.127.1 -> 10.130.127.2 ICMP Echo (ping) request  id=0x6d71, seq=31/7936, ttl=64 90:e2:ba:35:47:14 -> 00:00:00:00:01:00
 72 2018-02-16 10:24:38.856590 10.130.127.1 -> 10.130.127.2 ICMP Echo (ping) request  id=0x6d71, seq=32/8192, ttl=64 90:e2:ba:35:47:14 -> 00:00:00:00:01:00
 73 2018-02-16 10:24:38.856610 10.130.127.1 -> 10.130.127.2 ICMP Echo (ping) request  id=0x6d71, seq=33/8448, ttl=64 90:e2:ba:35:47:14 -> 00:00:00:00:01:00
 74 2018-02-16 10:24:38.856613 10.130.127.1 -> 10.130.127.2 ICMP Echo (ping) request  id=0x6d71, seq=91/23296, ttl=64 90:e2:ba:35:47:14 -> 00:00:00:00:01:00
 75 2018-02-16 10:24:38.856617 10.130.127.1 -> 10.130.127.2 ICMP Echo (ping) request  id=0x6d71, seq=92/23552, ttl=64 90:e2:ba:35:47:14 -> 00:00:00:00:01:00
 76 2018-02-16 10:24:38.856636 10.130.127.1 -> 10.130.127.2 ICMP Echo (ping) request  id=0x6d71, seq=34/8704, ttl=64 90:e2:ba:35:47:14 -> 00:00:00:00:01:00
 77 2018-02-16 10:24:38.856641 10.130.127.1 -> 10.130.127.2 ICMP Echo (ping) request  id=0x6d71, seq=93/23808, ttl=64 90:e2:ba:35:47:14 -> 00:00:00:00:01:00
 78 2018-02-16 10:24:38.856666 10.130.127.1 -> 10.130.127.2 ICMP Echo (ping) request  id=0x6d71, seq=94/24064, ttl=64 90:e2:ba:35:47:14 -> 00:00:00:00:01:00
 79 2018-02-16 10:24:38.856680 10.130.127.1 -> 10.130.127.2 ICMP Echo (ping) request  id=0x6d71, seq=35/8960, ttl=64 90:e2:ba:35:47:14 -> 00:00:00:00:01:00
 80 2018-02-16 10:24:38.856696 10.130.127.1 -> 10.130.127.2 ICMP Echo (ping) request  id=0x6d71, seq=36/9216, ttl=64 90:e2:ba:35:47:14 -> 00:00:00:00:01:00
 81 2018-02-16 10:24:38.856699 10.130.127.1 -> 10.130.127.2 ICMP Echo (ping) request  id=0x6d71, seq=95/24320, ttl=64 90:e2:ba:35:47:14 -> 00:00:00:00:01:00
 82 2018-02-16 10:24:38.856703 10.130.127.1 -> 10.130.127.2 ICMP Echo (ping) request  id=0x6d71, seq=37/9472, ttl=64 90:e2:ba:35:47:14 -> 00:00:00:00:01:00
 83 2018-02-16 10:24:38.856707 10.130.127.1 -> 10.130.127.2 ICMP Echo (ping) request  id=0x6d71, seq=38/9728, ttl=64 90:e2:ba:35:47:14 -> 00:00:00:00:01:00
 84 2018-02-16 10:24:38.856710 10.130.127.1 -> 10.130.127.2 ICMP Echo (ping) request  id=0x6d71, seq=96/24576, ttl=64 90:e2:ba:35:47:14 -> 00:00:00:00:01:00
 85 2018-02-16 10:24:38.856742 10.130.127.1 -> 10.130.127.2 ICMP Echo (ping) request  id=0x6d71, seq=39/9984, ttl=64 90:e2:ba:35:47:14 -> 00:00:00:00:01:00
 86 2018-02-16 10:24:38.856746 10.130.127.1 -> 10.130.127.2 ICMP Echo (ping) request  id=0x6d71, seq=40/10240, ttl=64 90:e2:ba:35:47:14 -> 00:00:00:00:01:00
 87 2018-02-16 10:24:38.856750 10.130.127.1 -> 10.130.127.2 ICMP Echo (ping) request  id=0x6d71, seq=41/10496, ttl=64 90:e2:ba:35:47:14 -> 00:00:00:00:01:00
 88 2018-02-16 10:24:38.856753 10.130.127.1 -> 10.130.127.2 ICMP Echo (ping) request  id=0x6d71, seq=42/10752, ttl=64 90:e2:ba:35:47:14 -> 00:00:00:00:01:00
 89 2018-02-16 10:24:38.856755 10.130.127.1 -> 10.130.127.2 ICMP Echo (ping) request  id=0x6d71, seq=43/11008, ttl=64 90:e2:ba:35:47:14 -> 00:00:00:00:01:00
 90 2018-02-16 10:24:38.856757 10.130.127.1 -> 10.130.127.2 ICMP Echo (ping) request  id=0x6d71, seq=44/11264, ttl=64 90:e2:ba:35:47:14 -> 00:00:00:00:01:00
 91 2018-02-16 10:24:38.856759 10.130.127.1 -> 10.130.127.2 ICMP Echo (ping) request  id=0x6d71, seq=45/11520, ttl=64 90:e2:ba:35:47:14 -> 00:00:00:00:01:00
 92 2018-02-16 10:24:38.856761 10.130.127.1 -> 10.130.127.2 ICMP Echo (ping) request  id=0x6d71, seq=97/24832, ttl=64 90:e2:ba:35:47:14 -> 00:00:00:00:01:00
 93 2018-02-16 10:24:38.856763 10.130.127.1 -> 10.130.127.2 ICMP Echo (ping) request  id=0x6d71, seq=98/25088, ttl=64 90:e2:ba:35:47:14 -> 00:00:00:00:01:00
 94 2018-02-16 10:24:38.856766 10.130.127.1 -> 10.130.127.2 ICMP Echo (ping) request  id=0x6d71, seq=46/11776, ttl=64 90:e2:ba:35:47:14 -> 00:00:00:00:01:00
 95 2018-02-16 10:24:38.856767 10.130.127.1 -> 10.130.127.2 ICMP Echo (ping) request  id=0x6d71, seq=47/12032, ttl=64 90:e2:ba:35:47:14 -> 00:00:00:00:01:00
 96 2018-02-16 10:24:38.856770 10.130.127.1 -> 10.130.127.2 ICMP Echo (ping) request  id=0x6d71, seq=99/25344, ttl=64 90:e2:ba:35:47:14 -> 00:00:00:00:01:00
 97 2018-02-16 10:24:38.856772 10.130.127.1 -> 10.130.127.2 ICMP Echo (ping) request  id=0x6d71, seq=100/25600, ttl=64 90:e2:ba:35:47:14 -> 00:00:00:00:01:00
 98 2018-02-16 10:24:38.856797 10.130.127.1 -> 10.130.127.2 ICMP Echo (ping) request  id=0x6d71, seq=48/12288, ttl=64 90:e2:ba:35:47:14 -> 00:00:00:00:01:00
 99 2018-02-16 10:24:38.856811 10.130.127.1 -> 10.130.127.2 ICMP Echo (ping) request  id=0x6d71, seq=49/12544, ttl=64 90:e2:ba:35:47:14 -> 00:00:00:00:01:00
100 2018-02-16 10:24:38.856820 10.130.127.1 -> 10.130.127.2 ICMP Echo (ping) request  id=0x6d71, seq=50/12800, ttl=64 90:e2:ba:35:47:14 -> 00:00:00:00:01:00
